region,symbol,size_bytes,section,source,address_hex
RAM_D2,(anonymous),135204,.ram_d2_lut,./Src/Seq/seq_model.o,0x30011F34
RAM_D1,(anonymous),109220,.bss.g_sd_fs,./Src/Storage/undo_v1.o,0x2404B404
RAM_D1,(anonymous),109216,.bss.voices,./Src/Storage/pattern_sd_bank.o,0x24030700
RAM_D1,(anonymous),102452,.data.FS_Desc,./Src/Audio/fx_reverb.o,0x2400010C
RAM_D2,(anonymous),36864,.ram_d2_lut,./Src/Seq/seq_param_iface.o,0x30032F58
RAM_D1,(anonymous),18912,.bss.sai_tx,./Src/Audio/drum_synth.o,0x2402062C
RAM_D1,(anonymous),16568,.bss.s_cb,./Src/Audio/fx_bus_compressor.o,0x24025010
RAM_D2,tanhtab,16384,.ram_d2_lut,./Micro_Dexed/exp2.o,0x30002B40
RAM_D2,(anonymous),12548,.ram_d2_lut,./Src/Seq/seq_clipboard.o,0x3000EDA0
RAM_D2,(anonymous),12280,.ram_d2_lut,./Src/Param/param_registry.o,0x3000BDA8
RAM_D1,(anonymous),8192,.bss.hall_raw,./Src/App/Hall/hall_calibration.o,0x2401C158
RAM_D1,(anonymous),8192,.bss.hall_raw,./Src/App/Hall/hall_calibration.o,0x2401E158
RAM_D2,sintab,8192,.ram_d2_lut,./Micro_Dexed/sin.o,0x30007D44
RAM_D2,(anonymous),8192,.ram_d2_lut,./Src/Audio/audio.o,0x30009D60
RAM_D1,(anonymous),6216,.bss.g_rec,./Src/Audio/sd_multitrack_recorder.o,0x2402B128
RAM_D1,(anonymous),5552,.bss.g_sd_fs,./Src/UI/ui_core.o,0x24065EB0
RAM_D1,(anonymous),4480,.bss.label.0,./Src/UI/ui_template_page.o,0x24067558
RAM_D1,(anonymous),4352,.bss.g_slots,./Src/Audio/mixer.o,0x24029740
RAM_D2,lut,4100,.ram_d2_lut,./Micro_Dexed/freqlut.o,0x30006B40
RAM_D1,(anonymous),4096,.bss.hall_raw,./Src/App/Hall/hall_adc.o,0x2401B074
RAM_D2,(anonymous),4096,.ram_d2_dma,./Src/Storage/pattern_sd_bank.o,0x30000B40
RAM_D2,(anonymous),4096,.ram_d2_lut,./Micro_Dexed/EngineMkI.o,0x30001B40
RAM_D1,(anonymous),3708,.ram_d1_audio,./Src/Audio/microdexed_synth.o,0x24069780
RAM_D2,(anonymous),2800,.ram_d2_dma,./Drivers/Drv_app/Src/led_hw.o,0x30000000
RAM_D1,(anonymous),2468,.bss.g_ps,./Src/Param/param_store.o,0x2402E2BC
RAM_D1,(anonymous),2048,.bss.voices,./Src/Seq/seq_live_rec_capture.o,0x2402EEE8
RAM_D2,(anonymous),1728,.ram_d2_lut,./Src/Seq/seq_runtime.o,0x3003BF58
RAM_D1,(anonymous),1408,.bss.g_slots,./Src/Audio/juno_synth.o,0x240291A0
RAM_D1,hpcd_USB_OTG_FS,1252,.bss.mem.0,./App/usb_stack/usbd_conf.o,0x2401A154
RAM_D1,hUsbHostHS,1200,.bss.disk,./App/usb_stack/usb_host.o,0x24019C90
RAM_D1,(anonymous),1096,.bss.huart1,C:/ST/STM32CubeIDE_2.0.0/STM32CubeIDE/plugins/com.st.stm32cube.ide.mcu.externaltools.gnu-tools-for-stm32.13.3.rel1.win32_1.0.100.202509120712/tools/bin/../lib/gcc/arm-none-eabi/13.3.1/../../../../arm-none-eabi/lib/thumb/v7e-m+dp/hard\libc_nano.a(libc_a-arc4random.o),0x24069048
RAM_D1,(anonymous),1024,.bss.recR.0,./Src/Keyboard/keyboard_engine.o,0x2402D020
RAM_D1,(anonymous),1024,.bss.voices,./Src/Seq/seq_output_guard.o,0x2402F6E8
RAM_D1,(anonymous),1024,.bss.voices,./Src/Seq/seq_play_scheduler.o,0x2402FAE8
RAM_D1,(anonymous),1024,.bss.voices,./Src/Storage/pattern_sd_bank.o,0x24030300
RAM_D1,hhcd_USB_OTG_HS,992,.bss.mem.0,./App/usb_stack/usbh_conf.o,0x2401A838
RAM_D1,(anonymous),736,.bss.recR.0,./Src/MIDI/usbh_midi.o,0x2402D980
RAM_D1,hUsbDeviceFS,732,.bss.disk,./App/usb_stack/usb_device.o,0x240199B4
RAM_D1,(anonymous),704,.bss.g_tracks,./Src/Audio/monob_osc_bank.o,0x2402AC48
RAM_D1,(anonymous),704,.bss.recR.0,./Src/Mod/mod_lfo_v1.o,0x2402DCC0
RAM_D1,(anonymous),608,.bss.g_tracks,./Src/Audio/monob_moog_ladder.o,0x2402A9E4
RAM_D1,(anonymous),568,.bss.g_sd_fs,./Src/Storage/sd_access_gate.o,0x2404B1C8
RAM_D1,(anonymous),528,.data.FS_Desc,./Src/Keyboard/keyboard_arp.o,0x2401916C
RAM_D1,USBD_StrDesc,512,.bss.mem.0,./App/usb_stack/usbd_desc.o,0x2401A638
RAM_D1,(anonymous),512,.bss.g_tracks,./Src/Audio/monob_synth.o,0x2402AF0C
RAM_D1,(anonymous),512,.bss.recR.0,./Src/MIDI/midi.o,0x2402D560
RAM_D1,(anonymous),512,.bss.recR.0,./Src/MIDI/midi.o,0x2402D760
RAM_D1,(anonymous),512,.bss.g_evt_q,./Src/Param/control_events.o,0x2402DF84
RAM_D1,(anonymous),512,.bss.scratch,./Src/SD/sd_diskio.o,0x2402EC80
RAM_D1,(anonymous),512,.bss.voices,./Src/Storage/pattern_live_ram.o,0x2402FEF8
RAM_D2,Porta::rates,512,.ram_d2_lut,./Micro_Dexed/porta.o,0x30007B44
RAM_D1,(anonymous),384,.bss.hall_max,./Src/App/Hall/hall_engine.o,0x2402034C
RAM_D1,__global_locale,364,.data.__sglue,C:/ST/STM32CubeIDE_2.0.0/STM32CubeIDE/plugins/com.st.stm32cube.ide.mcu.externaltools.gnu-tools-for-stm32.13.3.rel1.win32_1.0.100.202509120712/tools/bin/../lib/gcc/arm-none-eabi/13.3.1/../../../../arm-none-eabi/lib/thumb/v7e-m+dp/hard\libc_nano.a(libc_a-locale.o),0x240196F4
RAM_D1,(anonymous),320,.bss.g_tracks,./Src/Audio/mixer.o,0x2402A844
RAM_D1,__sf,312,.bss.__sf,C:/ST/STM32CubeIDE_2.0.0/STM32CubeIDE/plugins/com.st.stm32cube.ide.mcu.externaltools.gnu-tools-for-stm32.13.3.rel1.win32_1.0.100.202509120712/tools/bin/../lib/gcc/arm-none-eabi/13.3.1/../../../../arm-none-eabi/lib/thumb/v7e-m+dp/hard\libc_nano.a(libc_a-findfp.o),0x24069498
RAM_D1,(anonymous),300,.bss.dma_busy,./Drivers/Drv_app/Src/led_layer.o,0x2401AEB0
RAM_D1,(anonymous),288,.bss.g_evt_q,./Src/Param/param_registry.o,0x2402E18C
RAM_D1,(anonymous),264,.bss.__atexit,C:/ST/STM32CubeIDE_2.0.0/STM32CubeIDE/plugins/com.st.stm32cube.ide.mcu.externaltools.gnu-tools-for-stm32.13.3.rel1.win32_1.0.100.202509120712/tools/bin/../lib/gcc/arm-none-eabi/13.3.1/../../../../arm-none-eabi/lib/thumb/v7e-m+dp/hard\libc_nano.a(libc_a-on_exit_args.o),0x2406966C
RAM_D1,(anonymous),256,.bss.g_u8g2,./Drivers/Drv_app/Src/led_anim.o,0x2401AD64
RAM_D1,(anonymous),256,.bss.g_rec,./Src/Core/brick6_audio_runtime.o,0x2402C9A0
RAM_D1,(anonymous),256,.bss.g_rec,./Src/Core/brick6_audio_runtime.o,0x2402CAA0
RAM_D1,(anonymous),256,.bss.g_rec,./Src/Core/brick6_audio_runtime.o,0x2402CBA0
RAM_D1,(anonymous),256,.bss.g_rec,./Src/Core/brick6_audio_runtime.o,0x2402CCA0
RAM_D1,(anonymous),256,.bss.recL.1,./Src/Core/brick6_audio_runtime.o,0x2402CDA0
RAM_D1,(anonymous),256,.bss.recR.0,./Src/Core/brick6_audio_runtime.o,0x2402CEA0
RAM_D1,(anonymous),256,.bss.voices,./Src/Storage/pattern_sd_bank.o,0x24030100
RAM_D1,(anonymous),256,.bss.voices,./Src/Storage/pattern_sd_bank.o,0x24030200
RAM_D1,(anonymous),168,.data.Stat,./Src/UI/ui_core.o,0x240193B0
RAM_D1,hsai_BlockA2,152,.bss.hi2c2,./Src/sai.o,0x240689D8
RAM_D1,hsai_BlockB2,152,.bss.hi2c2,./Src/sai.o,0x24068A70
RAM_D1,(anonymous),148,.bss.g_u8g2,./Drivers/Drv_app/Src/drv_display.o,0x2401ACC0
RAM_D1,huart1,148,.bss.huart1,./Src/usart.o,0x24068EF8
RAM_D1,(anonymous),144,.bss.mem.0,./Drivers/Drv_app/Src/buttons.o,0x2401AC18
RAM_D2,(anonymous),144,.ram_d2_lut,./Src/Seq/seq_edit.o,0x30011EA4
RAM_D1,__atexit0,140,.bss.errno,C:/ST/STM32CubeIDE_2.0.0/STM32CubeIDE/plugins/com.st.stm32cube.ide.mcu.externaltools.gnu-tools-for-stm32.13.3.rel1.win32_1.0.100.202509120712/tools/bin/../lib/gcc/arm-none-eabi/13.3.1/../../../../arm-none-eabi/lib/thumb/v7e-m+dp/hard\libc_nano.a(libc_a-__atexit.o),0x240695DC
RAM_D1,hspi5,136,.bss.hspi5,./Src/spi.o,0x24068C78
RAM_D1,(anonymous),128,.bss.Files,./App/Middlewares/Third_Party/FatFs/src/ff.o,0x24019920
RAM_D1,(anonymous),128,.bss.hall_max,./Src/App/Hall/hall_engine.o,0x240204EC
RAM_D1,(anonymous),128,.bss.hall_max,./Src/App/Hall/hall_filter_asc.o,0x24020570
RAM_D1,(anonymous),128,.bss.recR.0,./Src/Keyboard/keyboard_engine.o,0x2402D420
RAM_D1,(anonymous),128,.bss.label.0,./Src/UI/ui_event.o,0x24067478
RAM_D1,hsd1,124,.bss.hsd1,./Src/sdmmc.o,0x24068BFC
RAM_D1,hdma_adc1,120,.bss.hadc3,./Src/adc.o,0x24068858
RAM_D1,hdma_adc2,120,.bss.hadc3,./Src/adc.o,0x240688D0
RAM_D1,hdma_sai2_a,120,.bss.hi2c2,./Src/sai.o,0x24068B08
RAM_D1,hdma_sai2_b,120,.bss.hi2c2,./Src/sai.o,0x24068B80
RAM_D1,hdma_tim2_ch4,120,.bss.htim12,./Src/tim.o,0x24068E80
RAM_D1,(anonymous),100,.bss.hall_raw,./Src/App/Hall/hall_calibration.o,0x24020158
RAM_D1,hadc1,100,.bss.hadc1,./Src/adc.o,0x2406872C
RAM_D1,hadc2,100,.bss.hadc2,./Src/adc.o,0x24068790
RAM_D1,hadc3,100,.bss.hadc3,./Src/adc.o,0x240687F4
RAM_D1,(anonymous),96,.bss.g_sat,./Src/Audio/fx_pool.o,0x24029124
RAM_D1,(anonymous),96,.bss.recR.0,./Src/Mod/mod_lfo_v1.o,0x2402DC60
RAM_D1,(anonymous),84,.bss.s_cb,./Src/Audio/fx_daisy_comp.o,0x240290CC
RAM_D1,hi2c2,84,.bss.hi2c2,./Src/i2c.o,0x24068984
RAM_D1,(anonymous),83,.data,./App/Middlewares/ST/STM32_USB_Device_Library/Class/MIDI/Src/usbd_midi.o,0x24000010
RAM_D1,_impure_data,76,.data.__sglue,C:/ST/STM32CubeIDE_2.0.0/STM32CubeIDE/plugins/com.st.stm32cube.ide.mcu.externaltools.gnu-tools-for-stm32.13.3.rel1.win32_1.0.100.202509120712/tools/bin/../lib/gcc/arm-none-eabi/13.3.1/../../../../arm-none-eabi/lib/thumb/v7e-m+dp/hard\libc_nano.a(libc_a-impure.o),0x24019864
RAM_D1,htim2,76,.bss.htim2,./Src/tim.o,0x24068D04
RAM_D1,htim5,76,.bss.htim5,./Src/tim.o,0x24068D50
RAM_D1,htim6,76,.bss.htim6,./Src/tim.o,0x24068D9C
RAM_D1,htim7,76,.bss.htim7,./Src/tim.o,0x24068DE8
RAM_D1,htim12,76,.bss.htim12,./Src/tim.o,0x24068E34
RAM_D1,(anonymous),75,.bss.g_u8g2,./Drivers/Drv_app/Src/led_framebuffer.o,0x2401AE64
RAM_D1,(anonymous),72,.data.Stat,./Src/UI/pages/ui_page_template_dx7.o,0x240194AC
RAM_D1,(anonymous),72,.data.Stat,./Src/UI/pages/ui_page_template_filter.o,0x2401950C
RAM_D1,(anonymous),72,.data.Stat,./Src/UI/pages/ui_page_template_filter.o,0x24019554
RAM_D1,(anonymous),72,.data.Stat,./Src/UI/pages/ui_page_template_filter.o,0x2401959C
RAM_D1,(anonymous),72,.data.Stat,./Src/UI/pages/ui_page_template_filter.o,0x240195E4
RAM_D1,voices,72,.bss.voices,./Src/Sampler/voice_manager.o,0x2402EE8C
RAM_D2,(anonymous),72,.ram_d2_lut,./Src/Core/track_runtime.o,0x3000BD60
RAM_D1,(anonymous),64,.bss,./App/Middlewares/ST/STM32_USB_Device_Library/Class/MIDI/Src/usbd_midi.o,0x240198DC
RAM_D1,(anonymous),64,.bss.hall_raw,./Src/App/Hall/hall_adc.o,0x2401B034
RAM_D1,(anonymous),64,.bss.hall_raw,./Src/App/Hall/hall_calibration.o,0x2401C08C
RAM_D1,(anonymous),64,.bss.hall_raw,./Src/App/Hall/hall_calibration.o,0x2401C118
RAM_D1,(anonymous),64,.bss.hall_max,./Src/App/Hall/hall_engine.o,0x2402029C
RAM_D1,(anonymous),64,.bss.recR.0,./Src/Keyboard/ui_keyboard_app.o,0x2402D4A8
RAM_D1,(anonymous),64,.bss.label.0,./Src/UI/ui_page_manager.o,0x2406750C
RAM_D1,(anonymous),64,.bss.label.0,./Src/UI/pages/ui_page_settings.o,0x240686EC
RAM_D1,USBD_MIDI,56,.data,./App/Middlewares/ST/STM32_USB_Device_Library/Class/MIDI/Src/usbd_midi.o,0x24000064
RAM_D1,hsdram1,52,.bss.hsdram1,./Src/fmc.o,0x2406894C
RAM_D1,midi_clock_tx_probe,40,.bss.recR.0,./Src/MIDI/midi.o,0x2402D530
RAM_D2,(anonymous),34,.ram_d2_dma,./Src/App/Hall/hall_adc.o,0x30000B00
RAM_D1,FS_Desc,32,.data.FS_Desc,./App/usb_stack/usbd_desc.o,0x240000D0
RAM_D1,USBH_MIDI_Class,32,.data.FS_Desc,./Src/MIDI/usbh_midi.o,0x2401938C
RAM_D1,(anonymous),32,.bss.hall_raw,./Src/App/Hall/hall_adc.o,0x2401B014
RAM_D1,(anonymous),32,.bss.hall_min,./Src/App/Hall/hall_engine.o,0x240201BC
RAM_D1,(anonymous),32,.bss.hall_max,./Src/App/Hall/hall_engine.o,0x240201DC
RAM_D1,(anonymous),32,.bss.hall_max,./Src/App/Hall/hall_engine.o,0x240201FC
RAM_D1,(anonymous),32,.bss.hall_max,./Src/App/Hall/hall_engine.o,0x2402021C
RAM_D1,(anonymous),32,.bss.hall_max,./Src/App/Hall/hall_engine.o,0x2402023C
RAM_D1,(anonymous),32,.bss.hall_max,./Src/App/Hall/hall_engine.o,0x2402025C
RAM_D1,(anonymous),32,.bss.hall_max,./Src/App/Hall/hall_engine.o,0x2402027C
RAM_D1,(anonymous),32,.bss.hall_max,./Src/App/Hall/hall_engine.o,0x2402030C
RAM_D1,(anonymous),32,.bss.g_tracks,./Src/Audio/monob_moog_ladder.o,0x2402A984
RAM_D1,(anonymous),32,.bss.g_tracks,./Src/Audio/monob_moog_ladder.o,0x2402A9A4
RAM_D1,(anonymous),32,.bss.g_tracks,./Src/Audio/monob_moog_ladder.o,0x2402A9C4
RAM_D1,(anonymous),32,.bss.g_rec,./Src/Core/brick6_app_init.o,0x2402C97C
RAM_D1,(anonymous),32,.bss.recR.0,./Src/Core/cpu_load.o,0x2402CFD8
RAM_D1,(anonymous),28,.bss,C:/ST/STM32CubeIDE_2.0.0/STM32CubeIDE/plugins/com.st.stm32cube.ide.mcu.externaltools.gnu-tools-for-stm32.13.3.rel1.win32_1.0.100.202509120712/tools/bin/../lib/gcc/arm-none-eabi/13.3.1/thumb/v7e-m+dp/hard/crtbegin.o,0x240198C0
RAM_D1,pFlash,28,.bss.pFlash,./Drivers/STM32H7xx_HAL_Driver/Src/stm32h7xx_hal_flash.o,0x2401AFF0
RAM_D1,midi_tx_stats,28,.bss.recR.0,./Src/MIDI/midi.o,0x2402D4E8
RAM_D1,USBD_StringSerial,26,.data,./App/usb_stack/usbd_desc.o,0x2400009C
RAM_D1,(anonymous),24,.data.FS_Desc,./Src/Audio/mixer.o,0x24019140
RAM_D1,(anonymous),24,.data.Stat,./Src/UI/pages/ui_page_template_arp.o,0x24019464
RAM_D1,(anonymous),24,.data.Stat,./Src/UI/pages/ui_page_template_cfg.o,0x2401947C
RAM_D1,(anonymous),24,.data.Stat,./Src/UI/pages/ui_page_template_cfg.o,0x24019494
RAM_D1,(anonymous),24,.data.Stat,./Src/UI/pages/ui_page_template_dx7.o,0x240194F4
RAM_D1,(anonymous),24,.data.Stat,./Src/UI/pages/ui_page_template_filter.o,0x2401962C
RAM_D1,(anonymous),24,.data.Stat,./Src/UI/pages/ui_page_template_filter.o,0x24019644
RAM_D1,(anonymous),24,.data.Stat,./Src/UI/pages/ui_page_template_keyboard.o,0x2401965C
RAM_D1,(anonymous),24,.data.Stat,./Src/UI/pages/ui_page_template_mix.o,0x24019674
RAM_D1,(anonymous),24,.data.Stat,./Src/UI/pages/ui_page_template_mod.o,0x2401968C
RAM_D1,(anonymous),24,.data.Stat,./Src/UI/pages/ui_page_template_play.o,0x240196A4
RAM_D1,(anonymous),24,.data.Stat,./Src/UI/pages/ui_page_template_seq.o,0x240196BC
RAM_D1,(anonymous),24,.bss.mem.0,./Drivers/Drv_app/Src/buttons_hw.o,0x2401ACA8
RAM_D1,(anonymous),24,.bss.hall_raw,./Src/App/Hall/hall_calibration.o,0x2401C0CC
RAM_D1,(anonymous),24,.bss.hall_max,./Src/App/Hall/hall_engine.o,0x240204D0
RAM_D1,(anonymous),24,.bss.sai_tx,./Src/Audio/drum_model_trx_hihat.o,0x24020614
RAM_D1,(anonymous),24,.bss.g_slots,./Src/Audio/fx_pool.o,0x24029184
RAM_D1,(anonymous),24,.bss.g_tracks,./Src/Audio/recorder_transport.o,0x2402B110
RAM_D1,(anonymous),20,.bss.mem.0,./App/usb_stack/usbd_conf.o,0x2401A140
RAM_D1,USBD_FS_DeviceDesc,18,.data,./App/usb_stack/usbd_desc.o,0x240000BC
RAM_D1,(anonymous),16,.bss.dma_busy,./Drivers/Drv_app/Src/sdram.o,0x2401AFDC
RAM_D1,(anonymous),16,.bss.hall_raw,./Src/App/Hall/hall_calibration.o,0x2401C0E4
RAM_D1,(anonymous),16,.bss.hall_raw,./Src/App/Hall/hall_calibration.o,0x2401C0F4
RAM_D1,(anonymous),16,.bss.hall_raw,./Src/App/Hall/hall_calibration.o,0x2401C104
RAM_D1,(anonymous),16,.bss.hall_max,./Src/App/Hall/hall_engine.o,0x240202DC
RAM_D1,(anonymous),16,.bss.hall_max,./Src/App/Hall/hall_engine.o,0x240202EC
RAM_D1,(anonymous),16,.bss.hall_max,./Src/App/Hall/hall_engine.o,0x240202FC
RAM_D1,(anonymous),16,.bss.hall_max,./Src/App/Hall/hall_engine.o,0x2402032C
RAM_D1,(anonymous),16,.bss.hall_max,./Src/App/Hall/hall_engine.o,0x2402033C
RAM_D1,midi_rx_stats,16,.bss.recR.0,./Src/MIDI/midi.o,0x2402D504
RAM_D1,(anonymous),16,.bss.voices,./Src/Storage/project_sd_bank.o,0x2404B1A4
RAM_D1,(anonymous),16,.bss.label.0,./Src/UI/ui_event.o,0x240674FC
RAM_D1,std::string::_Rep::_S_empty_rep_storage,16,.bss.huart1,C:/ST/STM32CubeIDE_2.0.0/STM32CubeIDE/plugins/com.st.stm32cube.ide.mcu.externaltools.gnu-tools-for-stm32.13.3.rel1.win32_1.0.100.202509120712/tools/bin/../lib/gcc/arm-none-eabi/13.3.1/../../../../arm-none-eabi/lib/thumb/v7e-m+dp/hard\libstdc++_nano.a(cow-string-inst.o),0x24068FEC
RAM_D1,__sglue,12,.data.__sglue,C:/ST/STM32CubeIDE_2.0.0/STM32CubeIDE/plugins/com.st.stm32cube.ide.mcu.externaltools.gnu-tools-for-stm32.13.3.rel1.win32_1.0.100.202509120712/tools/bin/../lib/gcc/arm-none-eabi/13.3.1/../../../../arm-none-eabi/lib/thumb/v7e-m+dp/hard\libc_nano.a(libc_a-findfp.o),0x240196E8
RAM_D1,disk,12,.bss.disk,./App/Middlewares/Third_Party/FatFs/src/ff_gen_drv.o,0x240199A8
RAM_D1,(anonymous),12,.bss.hall_max,./Src/App/mux_pots.o,0x240205F0
RAM_D1,(anonymous),10,.data,./App/Middlewares/ST/STM32_USB_Device_Library/Class/MIDI/Src/usbd_midi.o,0x24000004
RAM_D1,(anonymous),10,.data.Stat,./Src/UI/ui_param.o,0x24019458
RAM_D1,(anonymous),8,.bss.g_u8g2,./Drivers/Drv_app/Src/encoders.o,0x2401AD54
RAM_D1,(anonymous),8,.bss.g_slots,./Src/Audio/mixer.o,0x24029720
RAM_D1,(anonymous),8,.bss.g_rec,./Src/Audio/tb3_synth.o,0x2402C974
RAM_D1,(anonymous),8,.bss.voices,./Src/Sampler/voice_manager.o,0x2402EED4
RAM_D1,(anonymous),7,.bss.voices,./Src/Storage/boot_context_flash.o,0x2402FEF0
RAM_D1,(anonymous),6,.bss.label.0,./Src/UI/ui_core.o,0x24067470
RAM_D1,(anonymous),5,.bss.recR.0,./Src/Keyboard/keyboard_params.o,0x2402D4A0
RAM_D1,(anonymous),5,.bss.voices,./Src/Storage/sd_access_gate.o,0x2404B1C0
RAM_D1,__dso_handle,4,.data,C:/ST/STM32CubeIDE_2.0.0/STM32CubeIDE/plugins/com.st.stm32cube.ide.mcu.externaltools.gnu-tools-for-stm32.13.3.rel1.win32_1.0.100.202509120712/tools/bin/../lib/gcc/arm-none-eabi/13.3.1/thumb/v7e-m+dp/hard/crtbegin.o,0x24000000
RAM_D1,USBD_LangIDDesc,4,.data,./App/usb_stack/usbd_desc.o,0x240000B8
RAM_D1,(anonymous),4,.data.FS_Desc,./Drivers/Drv_app/Src/drv_display.o,0x240000F0
RAM_D1,uwTickPrio,4,.data.FS_Desc,./Drivers/STM32H7xx_HAL_Driver/Src/stm32h7xx_hal.o,0x240000F4
RAM_D1,Env::sr_multiplier,4,.data.FS_Desc,./Micro_Dexed/env.o,0x240000FC
RAM_D1,(anonymous),4,.data.FS_Desc,./Src/Audio/audio_float.o,0x24000104
RAM_D1,(anonymous),4,.data.FS_Desc,./Src/Audio/audio_float.o,0x24000108
RAM_D1,(anonymous),4,.data.FS_Desc,./Src/Audio/monob_synth.o,0x24019158
RAM_D1,(anonymous),4,.data.FS_Desc,./Src/Core/engine_tasklet.o,0x24019164
RAM_D1,(anonymous),4,.data.FS_Desc,./Src/MIDI/midi.o,0x24019380
RAM_D1,(anonymous),4,.data.FS_Desc,./Src/MIDI/midi.o,0x24019384
RAM_D1,(anonymous),4,.data.FS_Desc,./Src/MIDI/midi.o,0x24019388
RAM_D1,SystemCoreClock,4,.data.Stat,./Src/system_stm32h7xx.o,0x240196D4
RAM_D1,SystemD2Clock,4,.data.Stat,./Src/system_stm32h7xx.o,0x240196D8
RAM_D1,(anonymous),4,.data.Stat,C:/ST/STM32CubeIDE_2.0.0/STM32CubeIDE/plugins/com.st.stm32cube.ide.mcu.externaltools.gnu-tools-for-stm32.13.3.rel1.win32_1.0.100.202509120712/tools/bin/../lib/gcc/arm-none-eabi/13.3.1/../../../../arm-none-eabi/lib/thumb/v7e-m+dp/hard\libstdc++_nano.a(ios_errcat.o),0x240196DC
RAM_D1,(anonymous),4,.data.Stat,C:/ST/STM32CubeIDE_2.0.0/STM32CubeIDE/plugins/com.st.stm32cube.ide.mcu.externaltools.gnu-tools-for-stm32.13.3.rel1.win32_1.0.100.202509120712/tools/bin/../lib/gcc/arm-none-eabi/13.3.1/../../../../arm-none-eabi/lib/thumb/v7e-m+dp/hard\libstdc++_nano.a(system_error.o),0x240196E0
RAM_D1,(anonymous),4,.data.Stat,C:/ST/STM32CubeIDE_2.0.0/STM32CubeIDE/plugins/com.st.stm32cube.ide.mcu.externaltools.gnu-tools-for-stm32.13.3.rel1.win32_1.0.100.202509120712/tools/bin/../lib/gcc/arm-none-eabi/13.3.1/../../../../arm-none-eabi/lib/thumb/v7e-m+dp/hard\libstdc++_nano.a(system_error.o),0x240196E4
RAM_D1,_impure_ptr,4,.data.__sglue,C:/ST/STM32CubeIDE_2.0.0/STM32CubeIDE/plugins/com.st.stm32cube.ide.mcu.externaltools.gnu-tools-for-stm32.13.3.rel1.win32_1.0.100.202509120712/tools/bin/../lib/gcc/arm-none-eabi/13.3.1/../../../../arm-none-eabi/lib/thumb/v7e-m+dp/hard\libc_nano.a(libc_a-impure.o),0x24019860
RAM_D1,__atexit_recursive_mutex,4,.data.__sglue,C:/ST/STM32CubeIDE_2.0.0/STM32CubeIDE/plugins/com.st.stm32cube.ide.mcu.externaltools.gnu-tools-for-stm32.13.3.rel1.win32_1.0.100.202509120712/tools/bin/../lib/gcc/arm-none-eabi/13.3.1/../../../../arm-none-eabi/lib/thumb/v7e-m+dp/hard\libc_nano.a(libc_a-__call_atexit.o),0x240198B0
RAM_D1,(anonymous),4,.bss.FatFs,./App/Middlewares/Third_Party/FatFs/src/ff.o,0x240199A4
RAM_D1,(anonymous),4,.bss.g_u8g2,./Drivers/Drv_app/Src/encoders_hw.o,0x2401AD5C
RAM_D1,(anonymous),4,.bss.g_u8g2,./Drivers/Drv_app/Src/encoders_hw.o,0x2401AD60
RAM_D1,uwTick,4,.bss.uwTick,./Drivers/STM32H7xx_HAL_Driver/Src/stm32h7xx_hal.o,0x2401AFEC
RAM_D1,Lfo::unit_,4,.bss.pFlash,./Micro_Dexed/lfo.o,0x2401B00C
RAM_D1,PitchEnv::unit_,4,.bss.pFlash,./Micro_Dexed/pitchenv.o,0x2401B010
RAM_D1,(anonymous),4,.bss.hall_raw,./Src/App/Hall/hall_adc.o,0x2401C074
RAM_D1,(anonymous),4,.bss.hall_raw,./Src/App/Hall/hall_adc.o,0x2401C078
RAM_D1,(anonymous),4,.bss.hall_raw,./Src/App/Hall/hall_adc.o,0x2401C07C
RAM_D1,(anonymous),4,.bss.hall_raw,./Src/App/Hall/hall_adc.o,0x2401C080
RAM_D1,(anonymous),4,.bss.hall_max,./Src/App/mux_pots.o,0x24020600
RAM_D1,(anonymous),4,.bss.sai_rx,./Src/Audio/audio.o,0x24020604
RAM_D1,(anonymous),4,.bss.sai_tx,./Src/Audio/audio.o,0x24020608
RAM_D1,g_audio_dsp_frames_counter,4,.bss.sai_tx,./Src/Audio/audio_float.o,0x2402060C
RAM_D1,g_audio_block_counter,4,.bss.sai_tx,./Src/Audio/audio_float.o,0x24020610
RAM_D1,(anonymous),4,.bss.s_cb,./Src/Audio/dsp_engine.o,0x2402500C
RAM_D1,(anonymous),4,.bss.s_cb,./Src/Audio/fx_daisy_comp.o,0x240290C8
RAM_D1,(anonymous),4,.bss.g_rec,./Src/Audio/tb3_synth.o,0x2402C970
RAM_D1,(anonymous),4,.bss.g_rec,./Src/Core/brick6_audio_runtime.o,0x2402C99C
RAM_D1,(anonymous),4,.bss.recR.0,./Src/Core/cpu_load.o,0x2402CFA4
RAM_D1,(anonymous),4,.bss.recR.0,./Src/Core/cpu_load.o,0x2402CFA8
RAM_D1,(anonymous),4,.bss.recR.0,./Src/Core/cpu_load.o,0x2402CFAC
RAM_D1,(anonymous),4,.bss.recR.0,./Src/Core/cpu_load.o,0x2402CFB0
RAM_D1,(anonymous),4,.bss.recR.0,./Src/Core/cpu_load.o,0x2402CFB4
RAM_D1,(anonymous),4,.bss.recR.0,./Src/Core/cpu_load.o,0x2402CFB8
RAM_D1,(anonymous),4,.bss.recR.0,./Src/Core/cpu_load.o,0x2402CFBC
RAM_D1,(anonymous),4,.bss.recR.0,./Src/Core/cpu_load.o,0x2402CFC0
RAM_D1,(anonymous),4,.bss.recR.0,./Src/Core/cpu_load.o,0x2402CFC4
RAM_D1,(anonymous),4,.bss.recR.0,./Src/Core/cpu_load.o,0x2402CFC8
RAM_D1,(anonymous),4,.bss.recR.0,./Src/Core/cpu_load.o,0x2402CFCC
RAM_D1,(anonymous),4,.bss.recR.0,./Src/Core/cpu_load.o,0x2402CFD0
RAM_D1,(anonymous),4,.bss.recR.0,./Src/Core/cpu_load.o,0x2402CFD4
RAM_D1,(anonymous),4,.bss.recR.0,./Src/Core/cpu_load.o,0x2402CFF8
RAM_D1,(anonymous),4,.bss.recR.0,./Src/Core/cpu_load.o,0x2402CFFC
RAM_D1,engine_tick_count,4,.bss.recR.0,./Src/Core/engine_tasklet.o,0x2402D000
RAM_D1,(anonymous),4,.bss.recR.0,./Src/Core/engine_tasklet.o,0x2402D004
RAM_D1,(anonymous),4,.bss.recR.0,./Src/Core/engine_tasklet.o,0x2402D008
RAM_D1,g_track_runtime_tb3_bind_seen,4,.bss.recR.0,./Src/Core/track_runtime.o,0x2402D00C
RAM_D1,g_track_runtime_tb3_bind_track,4,.bss.recR.0,./Src/Core/track_runtime.o,0x2402D010
RAM_D1,g_track_runtime_tb3_bind_instance,4,.bss.recR.0,./Src/Core/track_runtime.o,0x2402D014
RAM_D1,midi_usb_rx_drops,4,.bss.recR.0,./Src/MIDI/midi.o,0x2402D514
RAM_D1,(anonymous),4,.bss.recR.0,./Src/MIDI/midi.o,0x2402D51C
RAM_D1,(anonymous),4,.bss.recR.0,./Src/MIDI/midi.o,0x2402D520
RAM_D1,(anonymous),4,.bss.recR.0,./Src/MIDI/midi.o,0x2402D524
RAM_D1,(anonymous),4,.bss.recR.0,./Src/MIDI/midi.o,0x2402D528
RAM_D1,(anonymous),4,.bss.recR.0,./Src/MIDI/midi.o,0x2402D558
RAM_D1,(anonymous),4,.bss.recR.0,./Src/MIDI/midi.o,0x2402D55C
RAM_D1,(anonymous),4,.bss.recR.0,./Src/MIDI/midi_host.o,0x2402D974
RAM_D1,(anonymous),4,.bss.recR.0,./Src/Mod/mod_lfo_v1.o,0x2402DF80
RAM_D1,(anonymous),4,.bss.g_evt_q,./Src/Param/control_events.o,0x2402E184
RAM_D1,(anonymous),4,.bss.g_evt_q,./Src/Param/control_events.o,0x2402E188
RAM_D1,g_param_tb3_apply_seen,4,.bss.g_evt_q,./Src/Param/param_registry.o,0x2402E2AC
RAM_D1,g_param_tb3_apply_last_id,4,.bss.g_evt_q,./Src/Param/param_registry.o,0x2402E2B0
RAM_D1,g_param_cfg_track_type_apply_stage,4,.bss.g_evt_q,./Src/Param/param_registry.o,0x2402E2B4
RAM_D1,SDPath,4,.bss.SDPath,./Src/SD/fatfs.o,0x2402EC64
RAM_D1,(anonymous),4,.bss.scratch,./Src/SD/sd_diskio.o,0x2402EE80
RAM_D1,(anonymous),4,.bss.scratch,./Src/SD/sd_diskio.o,0x2402EE84
RAM_D1,(anonymous),4,.bss.voices,./Src/Sampler/voice_manager.o,0x2402EEDC
RAM_D1,(anonymous),4,.bss.voices,./Src/Sampler/voice_manager.o,0x2402EEE0
RAM_D1,(anonymous),4,.bss.voices,./Src/Seq/seq_runtime.o,0x2402FEEC
RAM_D1,(anonymous),4,.bss.voices,./Src/Storage/project_v1.o,0x2404B1B8
RAM_D1,(anonymous),4,.bss.g_sd_fs,./Src/UI/display_flush_service.o,0x24065EAC
RAM_D1,g_ui_tb3_type_switch_stage,4,.bss.g_sd_fs,./Src/UI/ui_core.o,0x24067460
RAM_D1,g_ui_tb3_type_switch_track,4,.bss.g_sd_fs,./Src/UI/ui_core.o,0x24067464
RAM_D1,g_ui_tb3_type_switch_type,4,.bss.g_sd_fs,./Src/UI/ui_core.o,0x24067468
RAM_D1,g_ui_tb3_cfg_sync_seen,4,.bss.g_sd_fs,./Src/UI/ui_core.o,0x2406746C
RAM_D1,(anonymous),4,.bss.label.0,./Src/UI/ui_renderer_oled.o,0x24067550
RAM_D1,(anonymous),4,.bss.label.0,./Src/UI/pages/ui_page_calibration.o,0x240686DC
RAM_D1,(anonymous),4,.bss.label.0,./Src/UI/pages/ui_page_calibration.o,0x240686E4
RAM_D1,(anonymous),4,.bss.hadc3,./Src/adc.o,0x24068948
RAM_D1,(anonymous),4,.bss.hsdram1,./Src/fmc.o,0x24068980
RAM_D1,(anonymous),4,.bss.hi2c2,./Src/sai.o,0x24068BF8
RAM_D1,(anonymous),4,.bss.hspi5,./Src/sysmem.o,0x24068D00
RAM_D1,guard variable for std::collate<char>::id,4,.bss.huart1,C:/ST/STM32CubeIDE_2.0.0/STM32CubeIDE/plugins/com.st.stm32cube.ide.mcu.externaltools.gnu-tools-for-stm32.13.3.rel1.win32_1.0.100.202509120712/tools/bin/../lib/gcc/arm-none-eabi/13.3.1/../../../../arm-none-eabi/lib/thumb/v7e-m+dp/hard\libstdc++_nano.a(locale-inst.o),0x24068F8C
RAM_D1,guard variable for std::messages<char>::id,4,.bss.huart1,C:/ST/STM32CubeIDE_2.0.0/STM32CubeIDE/plugins/com.st.stm32cube.ide.mcu.externaltools.gnu-tools-for-stm32.13.3.rel1.win32_1.0.100.202509120712/tools/bin/../lib/gcc/arm-none-eabi/13.3.1/../../../../arm-none-eabi/lib/thumb/v7e-m+dp/hard\libstdc++_nano.a(locale-inst.o),0x24068F90
RAM_D1,"guard variable for std::time_get<char, std::istreambuf_iterator<char, std::char_traits<char> > >::id",4,.bss.huart1,C:/ST/STM32CubeIDE_2.0.0/STM32CubeIDE/plugins/com.st.stm32cube.ide.mcu.externaltools.gnu-tools-for-stm32.13.3.rel1.win32_1.0.100.202509120712/tools/bin/../lib/gcc/arm-none-eabi/13.3.1/../../../../arm-none-eabi/lib/thumb/v7e-m+dp/hard\libstdc++_nano.a(locale-inst.o),0x24068F94
RAM_D1,"guard variable for std::time_put<char, std::ostreambuf_iterator<char, std::char_traits<char> > >::id",4,.bss.huart1,C:/ST/STM32CubeIDE_2.0.0/STM32CubeIDE/plugins/com.st.stm32cube.ide.mcu.externaltools.gnu-tools-for-stm32.13.3.rel1.win32_1.0.100.202509120712/tools/bin/../lib/gcc/arm-none-eabi/13.3.1/../../../../arm-none-eabi/lib/thumb/v7e-m+dp/hard\libstdc++_nano.a(locale-inst.o),0x24068F98
RAM_D1,guard variable for std::__timepunct<char>::id,4,.bss.huart1,C:/ST/STM32CubeIDE_2.0.0/STM32CubeIDE/plugins/com.st.stm32cube.ide.mcu.externaltools.gnu-tools-for-stm32.13.3.rel1.win32_1.0.100.202509120712/tools/bin/../lib/gcc/arm-none-eabi/13.3.1/../../../../arm-none-eabi/lib/thumb/v7e-m+dp/hard\libstdc++_nano.a(locale-inst.o),0x24068F9C
RAM_D1,guard variable for std::numpunct<char>::id,4,.bss.huart1,C:/ST/STM32CubeIDE_2.0.0/STM32CubeIDE/plugins/com.st.stm32cube.ide.mcu.externaltools.gnu-tools-for-stm32.13.3.rel1.win32_1.0.100.202509120712/tools/bin/../lib/gcc/arm-none-eabi/13.3.1/../../../../arm-none-eabi/lib/thumb/v7e-m+dp/hard\libstdc++_nano.a(locale-inst.o),0x24068FA0
RAM_D1,"guard variable for std::moneypunct<char, true>::id",4,.bss.huart1,C:/ST/STM32CubeIDE_2.0.0/STM32CubeIDE/plugins/com.st.stm32cube.ide.mcu.externaltools.gnu-tools-for-stm32.13.3.rel1.win32_1.0.100.202509120712/tools/bin/../lib/gcc/arm-none-eabi/13.3.1/../../../../arm-none-eabi/lib/thumb/v7e-m+dp/hard\libstdc++_nano.a(locale-inst.o),0x24068FA4
RAM_D1,"guard variable for std::moneypunct<char, false>::id",4,.bss.huart1,C:/ST/STM32CubeIDE_2.0.0/STM32CubeIDE/plugins/com.st.stm32cube.ide.mcu.externaltools.gnu-tools-for-stm32.13.3.rel1.win32_1.0.100.202509120712/tools/bin/../lib/gcc/arm-none-eabi/13.3.1/../../../../arm-none-eabi/lib/thumb/v7e-m+dp/hard\libstdc++_nano.a(locale-inst.o),0x24068FA8
RAM_D1,"guard variable for std::money_put<char, std::ostreambuf_iterator<char, std::char_traits<char> > >::id",4,.bss.huart1,C:/ST/STM32CubeIDE_2.0.0/STM32CubeIDE/plugins/com.st.stm32cube.ide.mcu.externaltools.gnu-tools-for-stm32.13.3.rel1.win32_1.0.100.202509120712/tools/bin/../lib/gcc/arm-none-eabi/13.3.1/../../../../arm-none-eabi/lib/thumb/v7e-m+dp/hard\libstdc++_nano.a(locale-inst.o),0x24068FAC
RAM_D1,"guard variable for std::money_get<char, std::istreambuf_iterator<char, std::char_traits<char> > >::id",4,.bss.huart1,C:/ST/STM32CubeIDE_2.0.0/STM32CubeIDE/plugins/com.st.stm32cube.ide.mcu.externaltools.gnu-tools-for-stm32.13.3.rel1.win32_1.0.100.202509120712/tools/bin/../lib/gcc/arm-none-eabi/13.3.1/../../../../arm-none-eabi/lib/thumb/v7e-m+dp/hard\libstdc++_nano.a(locale-inst.o),0x24068FB0
RAM_D1,"guard variable for std::num_put<char, std::ostreambuf_iterator<char, std::char_traits<char> > >::id",4,.bss.huart1,C:/ST/STM32CubeIDE_2.0.0/STM32CubeIDE/plugins/com.st.stm32cube.ide.mcu.externaltools.gnu-tools-for-stm32.13.3.rel1.win32_1.0.100.202509120712/tools/bin/../lib/gcc/arm-none-eabi/13.3.1/../../../../arm-none-eabi/lib/thumb/v7e-m+dp/hard\libstdc++_nano.a(locale-inst.o),0x24068FB4
RAM_D1,"guard variable for std::num_get<char, std::istreambuf_iterator<char, std::char_traits<char> > >::id",4,.bss.huart1,C:/ST/STM32CubeIDE_2.0.0/STM32CubeIDE/plugins/com.st.stm32cube.ide.mcu.externaltools.gnu-tools-for-stm32.13.3.rel1.win32_1.0.100.202509120712/tools/bin/../lib/gcc/arm-none-eabi/13.3.1/../../../../arm-none-eabi/lib/thumb/v7e-m+dp/hard\libstdc++_nano.a(locale-inst.o),0x24068FB8
RAM_D1,guard variable for std::collate<wchar_t>::id,4,.bss.huart1,C:/ST/STM32CubeIDE_2.0.0/STM32CubeIDE/plugins/com.st.stm32cube.ide.mcu.externaltools.gnu-tools-for-stm32.13.3.rel1.win32_1.0.100.202509120712/tools/bin/../lib/gcc/arm-none-eabi/13.3.1/../../../../arm-none-eabi/lib/thumb/v7e-m+dp/hard\libstdc++_nano.a(wlocale-inst.o),0x24068FBC
RAM_D1,guard variable for std::messages<wchar_t>::id,4,.bss.huart1,C:/ST/STM32CubeIDE_2.0.0/STM32CubeIDE/plugins/com.st.stm32cube.ide.mcu.externaltools.gnu-tools-for-stm32.13.3.rel1.win32_1.0.100.202509120712/tools/bin/../lib/gcc/arm-none-eabi/13.3.1/../../../../arm-none-eabi/lib/thumb/v7e-m+dp/hard\libstdc++_nano.a(wlocale-inst.o),0x24068FC0
RAM_D1,"guard variable for std::time_get<wchar_t, std::istreambuf_iterator<wchar_t, std::char_traits<wchar_t> > >::id",4,.bss.huart1,C:/ST/STM32CubeIDE_2.0.0/STM32CubeIDE/plugins/com.st.stm32cube.ide.mcu.externaltools.gnu-tools-for-stm32.13.3.rel1.win32_1.0.100.202509120712/tools/bin/../lib/gcc/arm-none-eabi/13.3.1/../../../../arm-none-eabi/lib/thumb/v7e-m+dp/hard\libstdc++_nano.a(wlocale-inst.o),0x24068FC4
RAM_D1,"guard variable for std::time_put<wchar_t, std::ostreambuf_iterator<wchar_t, std::char_traits<wchar_t> > >::id",4,.bss.huart1,C:/ST/STM32CubeIDE_2.0.0/STM32CubeIDE/plugins/com.st.stm32cube.ide.mcu.externaltools.gnu-tools-for-stm32.13.3.rel1.win32_1.0.100.202509120712/tools/bin/../lib/gcc/arm-none-eabi/13.3.1/../../../../arm-none-eabi/lib/thumb/v7e-m+dp/hard\libstdc++_nano.a(wlocale-inst.o),0x24068FC8
RAM_D1,guard variable for std::__timepunct<wchar_t>::id,4,.bss.huart1,C:/ST/STM32CubeIDE_2.0.0/STM32CubeIDE/plugins/com.st.stm32cube.ide.mcu.externaltools.gnu-tools-for-stm32.13.3.rel1.win32_1.0.100.202509120712/tools/bin/../lib/gcc/arm-none-eabi/13.3.1/../../../../arm-none-eabi/lib/thumb/v7e-m+dp/hard\libstdc++_nano.a(wlocale-inst.o),0x24068FCC
RAM_D1,guard variable for std::numpunct<wchar_t>::id,4,.bss.huart1,C:/ST/STM32CubeIDE_2.0.0/STM32CubeIDE/plugins/com.st.stm32cube.ide.mcu.externaltools.gnu-tools-for-stm32.13.3.rel1.win32_1.0.100.202509120712/tools/bin/../lib/gcc/arm-none-eabi/13.3.1/../../../../arm-none-eabi/lib/thumb/v7e-m+dp/hard\libstdc++_nano.a(wlocale-inst.o),0x24068FD0
RAM_D1,"guard variable for std::moneypunct<wchar_t, true>::id",4,.bss.huart1,C:/ST/STM32CubeIDE_2.0.0/STM32CubeIDE/plugins/com.st.stm32cube.ide.mcu.externaltools.gnu-tools-for-stm32.13.3.rel1.win32_1.0.100.202509120712/tools/bin/../lib/gcc/arm-none-eabi/13.3.1/../../../../arm-none-eabi/lib/thumb/v7e-m+dp/hard\libstdc++_nano.a(wlocale-inst.o),0x24068FD4
RAM_D1,"guard variable for std::moneypunct<wchar_t, false>::id",4,.bss.huart1,C:/ST/STM32CubeIDE_2.0.0/STM32CubeIDE/plugins/com.st.stm32cube.ide.mcu.externaltools.gnu-tools-for-stm32.13.3.rel1.win32_1.0.100.202509120712/tools/bin/../lib/gcc/arm-none-eabi/13.3.1/../../../../arm-none-eabi/lib/thumb/v7e-m+dp/hard\libstdc++_nano.a(wlocale-inst.o),0x24068FD8
RAM_D1,"guard variable for std::money_put<wchar_t, std::ostreambuf_iterator<wchar_t, std::char_traits<wchar_t> > >::id",4,.bss.huart1,C:/ST/STM32CubeIDE_2.0.0/STM32CubeIDE/plugins/com.st.stm32cube.ide.mcu.externaltools.gnu-tools-for-stm32.13.3.rel1.win32_1.0.100.202509120712/tools/bin/../lib/gcc/arm-none-eabi/13.3.1/../../../../arm-none-eabi/lib/thumb/v7e-m+dp/hard\libstdc++_nano.a(wlocale-inst.o),0x24068FDC
RAM_D1,"guard variable for std::money_get<wchar_t, std::istreambuf_iterator<wchar_t, std::char_traits<wchar_t> > >::id",4,.bss.huart1,C:/ST/STM32CubeIDE_2.0.0/STM32CubeIDE/plugins/com.st.stm32cube.ide.mcu.externaltools.gnu-tools-for-stm32.13.3.rel1.win32_1.0.100.202509120712/tools/bin/../lib/gcc/arm-none-eabi/13.3.1/../../../../arm-none-eabi/lib/thumb/v7e-m+dp/hard\libstdc++_nano.a(wlocale-inst.o),0x24068FE0
RAM_D1,"guard variable for std::num_put<wchar_t, std::ostreambuf_iterator<wchar_t, std::char_traits<wchar_t> > >::id",4,.bss.huart1,C:/ST/STM32CubeIDE_2.0.0/STM32CubeIDE/plugins/com.st.stm32cube.ide.mcu.externaltools.gnu-tools-for-stm32.13.3.rel1.win32_1.0.100.202509120712/tools/bin/../lib/gcc/arm-none-eabi/13.3.1/../../../../arm-none-eabi/lib/thumb/v7e-m+dp/hard\libstdc++_nano.a(wlocale-inst.o),0x24068FE4
RAM_D1,"guard variable for std::num_get<wchar_t, std::istreambuf_iterator<wchar_t, std::char_traits<wchar_t> > >::id",4,.bss.huart1,C:/ST/STM32CubeIDE_2.0.0/STM32CubeIDE/plugins/com.st.stm32cube.ide.mcu.externaltools.gnu-tools-for-stm32.13.3.rel1.win32_1.0.100.202509120712/tools/bin/../lib/gcc/arm-none-eabi/13.3.1/../../../../arm-none-eabi/lib/thumb/v7e-m+dp/hard\libstdc++_nano.a(wlocale-inst.o),0x24068FE8
RAM_D1,guard variable for std::__cxx11::collate<char>::id,4,.bss.huart1,C:/ST/STM32CubeIDE_2.0.0/STM32CubeIDE/plugins/com.st.stm32cube.ide.mcu.externaltools.gnu-tools-for-stm32.13.3.rel1.win32_1.0.100.202509120712/tools/bin/../lib/gcc/arm-none-eabi/13.3.1/../../../../arm-none-eabi/lib/thumb/v7e-m+dp/hard\libstdc++_nano.a(cxx11-locale-inst.o),0x24068FFC
RAM_D1,guard variable for std::__cxx11::messages<char>::id,4,.bss.huart1,C:/ST/STM32CubeIDE_2.0.0/STM32CubeIDE/plugins/com.st.stm32cube.ide.mcu.externaltools.gnu-tools-for-stm32.13.3.rel1.win32_1.0.100.202509120712/tools/bin/../lib/gcc/arm-none-eabi/13.3.1/../../../../arm-none-eabi/lib/thumb/v7e-m+dp/hard\libstdc++_nano.a(cxx11-locale-inst.o),0x24069000
RAM_D1,"guard variable for std::__cxx11::time_get<char, std::istreambuf_iterator<char, std::char_traits<char> > >::id",4,.bss.huart1,C:/ST/STM32CubeIDE_2.0.0/STM32CubeIDE/plugins/com.st.stm32cube.ide.mcu.externaltools.gnu-tools-for-stm32.13.3.rel1.win32_1.0.100.202509120712/tools/bin/../lib/gcc/arm-none-eabi/13.3.1/../../../../arm-none-eabi/lib/thumb/v7e-m+dp/hard\libstdc++_nano.a(cxx11-locale-inst.o),0x24069004
RAM_D1,guard variable for std::__cxx11::numpunct<char>::id,4,.bss.huart1,C:/ST/STM32CubeIDE_2.0.0/STM32CubeIDE/plugins/com.st.stm32cube.ide.mcu.externaltools.gnu-tools-for-stm32.13.3.rel1.win32_1.0.100.202509120712/tools/bin/../lib/gcc/arm-none-eabi/13.3.1/../../../../arm-none-eabi/lib/thumb/v7e-m+dp/hard\libstdc++_nano.a(cxx11-locale-inst.o),0x24069008
RAM_D1,"guard variable for std::__cxx11::moneypunct<char, true>::id",4,.bss.huart1,C:/ST/STM32CubeIDE_2.0.0/STM32CubeIDE/plugins/com.st.stm32cube.ide.mcu.externaltools.gnu-tools-for-stm32.13.3.rel1.win32_1.0.100.202509120712/tools/bin/../lib/gcc/arm-none-eabi/13.3.1/../../../../arm-none-eabi/lib/thumb/v7e-m+dp/hard\libstdc++_nano.a(cxx11-locale-inst.o),0x2406900C
RAM_D1,"guard variable for std::__cxx11::moneypunct<char, false>::id",4,.bss.huart1,C:/ST/STM32CubeIDE_2.0.0/STM32CubeIDE/plugins/com.st.stm32cube.ide.mcu.externaltools.gnu-tools-for-stm32.13.3.rel1.win32_1.0.100.202509120712/tools/bin/../lib/gcc/arm-none-eabi/13.3.1/../../../../arm-none-eabi/lib/thumb/v7e-m+dp/hard\libstdc++_nano.a(cxx11-locale-inst.o),0x24069010
RAM_D1,"guard variable for std::__cxx11::money_put<char, std::ostreambuf_iterator<char, std::char_traits<char> > >::id",4,.bss.huart1,C:/ST/STM32CubeIDE_2.0.0/STM32CubeIDE/plugins/com.st.stm32cube.ide.mcu.externaltools.gnu-tools-for-stm32.13.3.rel1.win32_1.0.100.202509120712/tools/bin/../lib/gcc/arm-none-eabi/13.3.1/../../../../arm-none-eabi/lib/thumb/v7e-m+dp/hard\libstdc++_nano.a(cxx11-locale-inst.o),0x24069014
RAM_D1,"guard variable for std::__cxx11::money_get<char, std::istreambuf_iterator<char, std::char_traits<char> > >::id",4,.bss.huart1,C:/ST/STM32CubeIDE_2.0.0/STM32CubeIDE/plugins/com.st.stm32cube.ide.mcu.externaltools.gnu-tools-for-stm32.13.3.rel1.win32_1.0.100.202509120712/tools/bin/../lib/gcc/arm-none-eabi/13.3.1/../../../../arm-none-eabi/lib/thumb/v7e-m+dp/hard\libstdc++_nano.a(cxx11-locale-inst.o),0x24069018
RAM_D1,guard variable for std::__cxx11::collate<wchar_t>::id,4,.bss.huart1,C:/ST/STM32CubeIDE_2.0.0/STM32CubeIDE/plugins/com.st.stm32cube.ide.mcu.externaltools.gnu-tools-for-stm32.13.3.rel1.win32_1.0.100.202509120712/tools/bin/../lib/gcc/arm-none-eabi/13.3.1/../../../../arm-none-eabi/lib/thumb/v7e-m+dp/hard\libstdc++_nano.a(cxx11-wlocale-inst.o),0x2406901C
RAM_D1,guard variable for std::__cxx11::messages<wchar_t>::id,4,.bss.huart1,C:/ST/STM32CubeIDE_2.0.0/STM32CubeIDE/plugins/com.st.stm32cube.ide.mcu.externaltools.gnu-tools-for-stm32.13.3.rel1.win32_1.0.100.202509120712/tools/bin/../lib/gcc/arm-none-eabi/13.3.1/../../../../arm-none-eabi/lib/thumb/v7e-m+dp/hard\libstdc++_nano.a(cxx11-wlocale-inst.o),0x24069020
RAM_D1,"guard variable for std::__cxx11::time_get<wchar_t, std::istreambuf_iterator<wchar_t, std::char_traits<wchar_t> > >::id",4,.bss.huart1,C:/ST/STM32CubeIDE_2.0.0/STM32CubeIDE/plugins/com.st.stm32cube.ide.mcu.externaltools.gnu-tools-for-stm32.13.3.rel1.win32_1.0.100.202509120712/tools/bin/../lib/gcc/arm-none-eabi/13.3.1/../../../../arm-none-eabi/lib/thumb/v7e-m+dp/hard\libstdc++_nano.a(cxx11-wlocale-inst.o),0x24069024
RAM_D1,guard variable for std::__cxx11::numpunct<wchar_t>::id,4,.bss.huart1,C:/ST/STM32CubeIDE_2.0.0/STM32CubeIDE/plugins/com.st.stm32cube.ide.mcu.externaltools.gnu-tools-for-stm32.13.3.rel1.win32_1.0.100.202509120712/tools/bin/../lib/gcc/arm-none-eabi/13.3.1/../../../../arm-none-eabi/lib/thumb/v7e-m+dp/hard\libstdc++_nano.a(cxx11-wlocale-inst.o),0x24069028
RAM_D1,"guard variable for std::__cxx11::moneypunct<wchar_t, true>::id",4,.bss.huart1,C:/ST/STM32CubeIDE_2.0.0/STM32CubeIDE/plugins/com.st.stm32cube.ide.mcu.externaltools.gnu-tools-for-stm32.13.3.rel1.win32_1.0.100.202509120712/tools/bin/../lib/gcc/arm-none-eabi/13.3.1/../../../../arm-none-eabi/lib/thumb/v7e-m+dp/hard\libstdc++_nano.a(cxx11-wlocale-inst.o),0x2406902C
RAM_D1,"guard variable for std::__cxx11::moneypunct<wchar_t, false>::id",4,.bss.huart1,C:/ST/STM32CubeIDE_2.0.0/STM32CubeIDE/plugins/com.st.stm32cube.ide.mcu.externaltools.gnu-tools-for-stm32.13.3.rel1.win32_1.0.100.202509120712/tools/bin/../lib/gcc/arm-none-eabi/13.3.1/../../../../arm-none-eabi/lib/thumb/v7e-m+dp/hard\libstdc++_nano.a(cxx11-wlocale-inst.o),0x24069030
RAM_D1,"guard variable for std::__cxx11::money_put<wchar_t, std::ostreambuf_iterator<wchar_t, std::char_traits<wchar_t> > >::id",4,.bss.huart1,C:/ST/STM32CubeIDE_2.0.0/STM32CubeIDE/plugins/com.st.stm32cube.ide.mcu.externaltools.gnu-tools-for-stm32.13.3.rel1.win32_1.0.100.202509120712/tools/bin/../lib/gcc/arm-none-eabi/13.3.1/../../../../arm-none-eabi/lib/thumb/v7e-m+dp/hard\libstdc++_nano.a(cxx11-wlocale-inst.o),0x24069034
RAM_D1,"guard variable for std::__cxx11::money_get<wchar_t, std::istreambuf_iterator<wchar_t, std::char_traits<wchar_t> > >::id",4,.bss.huart1,C:/ST/STM32CubeIDE_2.0.0/STM32CubeIDE/plugins/com.st.stm32cube.ide.mcu.externaltools.gnu-tools-for-stm32.13.3.rel1.win32_1.0.100.202509120712/tools/bin/../lib/gcc/arm-none-eabi/13.3.1/../../../../arm-none-eabi/lib/thumb/v7e-m+dp/hard\libstdc++_nano.a(cxx11-wlocale-inst.o),0x24069038
RAM_D1,(anonymous),4,.bss.huart1,C:/ST/STM32CubeIDE_2.0.0/STM32CubeIDE/plugins/com.st.stm32cube.ide.mcu.externaltools.gnu-tools-for-stm32.13.3.rel1.win32_1.0.100.202509120712/tools/bin/../lib/gcc/arm-none-eabi/13.3.1/../../../../arm-none-eabi/lib/thumb/v7e-m+dp/hard\libstdc++_nano.a(new_handler.o),0x2406903C
RAM_D1,__malloc_sbrk_start,4,.bss.huart1,C:/ST/STM32CubeIDE_2.0.0/STM32CubeIDE/plugins/com.st.stm32cube.ide.mcu.externaltools.gnu-tools-for-stm32.13.3.rel1.win32_1.0.100.202509120712/tools/bin/../lib/gcc/arm-none-eabi/13.3.1/../../../../arm-none-eabi/lib/thumb/v7e-m+dp/hard\libc_nano.a(libc_a-mallocr.o),0x24069040
RAM_D1,__malloc_free_list,4,.bss.huart1,C:/ST/STM32CubeIDE_2.0.0/STM32CubeIDE/plugins/com.st.stm32cube.ide.mcu.externaltools.gnu-tools-for-stm32.13.3.rel1.win32_1.0.100.202509120712/tools/bin/../lib/gcc/arm-none-eabi/13.3.1/../../../../arm-none-eabi/lib/thumb/v7e-m+dp/hard\libc_nano.a(libc_a-mallocr.o),0x24069044
RAM_D1,(anonymous),4,.bss.rsx,C:/ST/STM32CubeIDE_2.0.0/STM32CubeIDE/plugins/com.st.stm32cube.ide.mcu.externaltools.gnu-tools-for-stm32.13.3.rel1.win32_1.0.100.202509120712/tools/bin/../lib/gcc/arm-none-eabi/13.3.1/../../../../arm-none-eabi/lib/thumb/v7e-m+dp/hard\libc_nano.a(libc_a-arc4random.o),0x24069490
RAM_D1,(anonymous),4,.bss.rs,C:/ST/STM32CubeIDE_2.0.0/STM32CubeIDE/plugins/com.st.stm32cube.ide.mcu.externaltools.gnu-tools-for-stm32.13.3.rel1.win32_1.0.100.202509120712/tools/bin/../lib/gcc/arm-none-eabi/13.3.1/../../../../arm-none-eabi/lib/thumb/v7e-m+dp/hard\libc_nano.a(libc_a-arc4random.o),0x24069494
RAM_D1,__stdio_exit_handler,4,.bss.__sf,C:/ST/STM32CubeIDE_2.0.0/STM32CubeIDE/plugins/com.st.stm32cube.ide.mcu.externaltools.gnu-tools-for-stm32.13.3.rel1.win32_1.0.100.202509120712/tools/bin/../lib/gcc/arm-none-eabi/13.3.1/../../../../arm-none-eabi/lib/thumb/v7e-m+dp/hard\libc_nano.a(libc_a-findfp.o),0x240695D0
RAM_D1,errno,4,.bss.errno,C:/ST/STM32CubeIDE_2.0.0/STM32CubeIDE/plugins/com.st.stm32cube.ide.mcu.externaltools.gnu-tools-for-stm32.13.3.rel1.win32_1.0.100.202509120712/tools/bin/../lib/gcc/arm-none-eabi/13.3.1/../../../../arm-none-eabi/lib/thumb/v7e-m+dp/hard\libc_nano.a(libc_a-reent.o),0x240695D4
RAM_D1,__atexit,4,.bss.__atexit,C:/ST/STM32CubeIDE_2.0.0/STM32CubeIDE/plugins/com.st.stm32cube.ide.mcu.externaltools.gnu-tools-for-stm32.13.3.rel1.win32_1.0.100.202509120712/tools/bin/../lib/gcc/arm-none-eabi/13.3.1/../../../../arm-none-eabi/lib/thumb/v7e-m+dp/hard\libc_nano.a(libc_a-__call_atexit.o),0x24069668
RAM_D1,(anonymous),2,.data.FS_Desc,./Src/Core/brick6_master_control.o,0x24019162
RAM_D1,(anonymous),2,.bss.Fsid,./App/Middlewares/Third_Party/FatFs/src/ff.o,0x240199A0
RAM_D1,(anonymous),2,.bss.hall_raw,./Src/App/Hall/hall_adc.o,0x2401C084
RAM_D1,(anonymous),2,.bss.g_slots,./Src/Audio/mixer.o,0x2402A840
RAM_D1,(anonymous),2,.bss.recR.0,./Src/MIDI/midi.o,0x2402D960
RAM_D1,(anonymous),2,.bss.recR.0,./Src/MIDI/midi.o,0x2402D962
RAM_D1,(anonymous),2,.bss.recR.0,./Src/MIDI/midi.o,0x2402D964
RAM_D1,(anonymous),2,.bss.recR.0,./Src/MIDI/midi.o,0x2402D966
RAM_D1,(anonymous),2,.bss.recR.0,./Src/MIDI/midi.o,0x2402D968
RAM_D1,(anonymous),2,.bss.recR.0,./Src/MIDI/midi.o,0x2402D96A
RAM_D1,(anonymous),2,.bss.recR.0,./Src/MIDI/midi.o,0x2402D96C
RAM_D1,(anonymous),2,.bss.recR.0,./Src/MIDI/midi.o,0x2402D96E
RAM_D1,uwTickFreq,1,.data.FS_Desc,./Drivers/STM32H7xx_HAL_Driver/Src/stm32h7xx_hal.o,0x240000F8
RAM_D1,(anonymous),1,.data.FS_Desc,./Src/App/Hall/hall_engine.o,0x24000100
RAM_D1,(anonymous),1,.data.FS_Desc,./Src/App/Hall/hall_engine.o,0x24000101
RAM_D1,(anonymous),1,.data.FS_Desc,./Src/Core/brick6_audio_runtime.o,0x2401915C
RAM_D1,(anonymous),1,.data.FS_Desc,./Src/Core/brick6_audio_runtime.o,0x2401915D
RAM_D1,(anonymous),1,.data.FS_Desc,./Src/Core/brick6_audio_runtime.o,0x2401915E
RAM_D1,(anonymous),1,.data.FS_Desc,./Src/Core/brick6_audio_runtime.o,0x2401915F
RAM_D1,(anonymous),1,.data.FS_Desc,./Src/Core/brick6_audio_runtime.o,0x24019160
RAM_D1,(anonymous),1,.data.FS_Desc,./Src/Core/brick6_audio_runtime.o,0x24019161
RAM_D1,(anonymous),1,.data.FS_Desc,./Src/Core/track_runtime.o,0x24019168
RAM_D1,(anonymous),1,.data.FS_Desc,./Src/MIDI/midi.o,0x2401937C
RAM_D1,(anonymous),1,.data.FS_Desc,./Src/MIDI/midi.o,0x2401937D
RAM_D1,(anonymous),1,.data.FS_Desc,./Src/MIDI/midi.o,0x2401937E
RAM_D1,(anonymous),1,.data.Stat,./Src/SD/sd_diskio.o,0x240193AC
RAM_D1,(anonymous),1,.bss.cfgidx.0,./App/Middlewares/ST/STM32_USB_Device_Library/Core/Src/usbd_ctlreq.o,0x2401991C
RAM_D1,(anonymous),1,.bss.dma_busy,./Drivers/Drv_app/Src/led_hw.o,0x2401AEAF
RAM_D1,(anonymous),1,.bss.hall_raw,./Src/App/Hall/hall_adc.o,0x2401C086
RAM_D1,(anonymous),1,.bss.hall_raw,./Src/App/Hall/hall_adc.o,0x2401C087
RAM_D1,(anonymous),1,.bss.hall_raw,./Src/App/Hall/hall_adc.o,0x2401C088
RAM_D1,(anonymous),1,.bss.hall_raw,./Src/App/Hall/hall_adc.o,0x2401C089
RAM_D1,(anonymous),1,.bss.hall_raw,./Src/App/Hall/hall_calibration.o,0x2401C114
RAM_D1,(anonymous),1,.bss.hall_max,./Src/App/Hall/hall_engine.o,0x240204CC
RAM_D1,(anonymous),1,.bss.hall_max,./Src/App/Hall/hall_engine.o,0x240204E8
RAM_D1,(anonymous),1,.bss.hall_max,./Src/App/Hall/hall_engine.o,0x2402056C
RAM_D1,(anonymous),1,.bss.hall_max,./Src/App/Hall/hall_engine.o,0x2402056D
RAM_D1,(anonymous),1,.bss.hall_max,./Src/App/mux_pots.o,0x240205FC
RAM_D1,(anonymous),1,.bss.hall_max,./Src/App/mux_pots.o,0x240205FD
RAM_D1,(anonymous),1,.bss.hall_max,./Src/App/mux_pots.o,0x240205FE
RAM_D1,(anonymous),1,.bss.s_cb,./Src/Audio/fx_pool.o,0x24029120
RAM_D1,(anonymous),1,.bss.g_tracks,./Src/Audio/monob_synth.o,0x2402AF08
RAM_D1,(anonymous),1,.bss.g_tracks,./Src/Audio/monob_synth.o,0x2402AF09
RAM_D1,(anonymous),1,.bss.recR.0,./Src/Core/brick6_master_control.o,0x2402CFA0
RAM_D1,(anonymous),1,.bss.recR.0,./Src/Core/brick6_recorder_runtime.o,0x2402CFA1
RAM_D1,(anonymous),1,.bss.recR.0,./Src/Keyboard/kbd_input_mapper.o,0x2402D018
RAM_D1,(anonymous),1,.bss.recR.0,./Src/Keyboard/keyboard_engine.o,0x2402D019
RAM_D1,(anonymous),1,.bss.recR.0,./Src/Keyboard/keyboard_engine.o,0x2402D01A
RAM_D1,(anonymous),1,.bss.recR.0,./Src/Keyboard/keyboard_engine.o,0x2402D01B
RAM_D1,(anonymous),1,.bss.recR.0,./Src/Keyboard/keyboard_engine.o,0x2402D01C
RAM_D1,(anonymous),1,.bss.recR.0,./Src/Keyboard/keyboard_engine.o,0x2402D01D
RAM_D1,(anonymous),1,.bss.recR.0,./Src/MIDI/midi.o,0x2402D518
RAM_D1,(anonymous),1,.bss.recR.0,./Src/MIDI/midi.o,0x2402D519
RAM_D1,(anonymous),1,.bss.recR.0,./Src/MIDI/midi.o,0x2402D52C
RAM_D1,(anonymous),1,.bss.recR.0,./Src/MIDI/midi.o,0x2402D970
RAM_D1,(anonymous),1,.bss.g_evt_q,./Src/Param/param_registry.o,0x2402E2B8
RAM_D1,retSD,1,.bss.retSD,./Src/SD/fatfs.o,0x2402EC60
RAM_D1,(anonymous),1,.bss.scratch,./Src/Sampler/sample_pool.o,0x2402EE88
RAM_D1,(anonymous),1,.bss.voices,./Src/Seq/seq_play_scheduler.o,0x2402FEE8
RAM_D1,(anonymous),1,.bss.voices,./Src/Seq/seq_play_scheduler.o,0x2402FEE9
RAM_D1,(anonymous),1,.bss.voices,./Src/Storage/boot_context_flash.o,0x2402FEF7
RAM_D1,(anonymous),1,.bss.voices,./Src/Storage/pattern_live_ram.o,0x240300F8
RAM_D1,(anonymous),1,.bss.voices,./Src/Storage/pattern_live_ram.o,0x240300F9
RAM_D1,(anonymous),1,.bss.voices,./Src/Storage/pattern_live_ram.o,0x240300FA
RAM_D1,(anonymous),1,.bss.voices,./Src/Storage/pattern_live_ram.o,0x240300FB
RAM_D1,(anonymous),1,.bss.voices,./Src/Storage/pattern_live_ram.o,0x240300FC
RAM_D1,(anonymous),1,.bss.voices,./Src/Storage/pattern_live_ram.o,0x240300FD
RAM_D1,(anonymous),1,.bss.voices,./Src/Storage/pattern_live_ram.o,0x240300FE
RAM_D1,(anonymous),1,.bss.voices,./Src/Storage/pattern_live_ram.o,0x240300FF
RAM_D1,(anonymous),1,.bss.voices,./Src/Storage/pattern_sd_bank.o,0x2404B1A0
RAM_D1,(anonymous),1,.bss.voices,./Src/Storage/project_sd_bank.o,0x2404B1B4
RAM_D1,(anonymous),1,.bss.voices,./Src/Storage/project_v1.o,0x2404B1B5
RAM_D1,(anonymous),1,.bss.voices,./Src/Storage/project_v1.o,0x2404B1B6
RAM_D1,(anonymous),1,.bss.voices,./Src/Storage/project_v1.o,0x2404B1BC
RAM_D1,(anonymous),1,.bss.voices,./Src/Storage/project_v1.o,0x2404B1BD
RAM_D1,(anonymous),1,.bss.voices,./Src/Storage/sd_access_gate.o,0x2404B1BE
RAM_D1,(anonymous),1,.bss.voices,./Src/Storage/sd_access_gate.o,0x2404B1BF
RAM_D1,(anonymous),1,.bss.g_sd_fs,./Src/Storage/sd_access_gate.o,0x2404B400
RAM_D1,(anonymous),1,.bss.g_sd_fs,./Src/Storage/undo_v1.o,0x24065EA8
RAM_D1,(anonymous),1,.bss.label.0,./Src/UI/ui_event.o,0x240674F8
RAM_D1,(anonymous),1,.bss.label.0,./Src/UI/ui_event.o,0x240674F9
RAM_D1,(anonymous),1,.bss.label.0,./Src/UI/ui_page_manager.o,0x2406754C
RAM_D1,(anonymous),1,.bss.label.0,./Src/UI/ui_page_manager.o,0x2406754D
RAM_D1,(anonymous),1,.bss.label.0,./Src/UI/ui_renderer_oled.o,0x2406754E
RAM_D1,(anonymous),1,.bss.label.0,./Src/UI/ui_tasklet.o,0x24067554
RAM_D1,(anonymous),1,.bss.label.0,./Src/UI/pages/ui_page_calibration.o,0x240686D8
RAM_D1,(anonymous),1,.bss.label.0,./Src/UI/pages/ui_page_calibration.o,0x240686E0
RAM_D1,(anonymous),1,.bss.label.0,./Src/UI/pages/ui_page_param_test.o,0x240686E8
RAM_D1,__lock___arc4random_mutex,1,.bss.errno,C:/ST/STM32CubeIDE_2.0.0/STM32CubeIDE/plugins/com.st.stm32cube.ide.mcu.externaltools.gnu-tools-for-stm32.13.3.rel1.win32_1.0.100.202509120712/tools/bin/../lib/gcc/arm-none-eabi/13.3.1/../../../../arm-none-eabi/lib/thumb/v7e-m+dp/hard\libc_nano.a(libc_a-lock.o),0x240695D8
RAM_D1,__lock___malloc_recursive_mutex,1,.bss.errno,C:/ST/STM32CubeIDE_2.0.0/STM32CubeIDE/plugins/com.st.stm32cube.ide.mcu.externaltools.gnu-tools-for-stm32.13.3.rel1.win32_1.0.100.202509120712/tools/bin/../lib/gcc/arm-none-eabi/13.3.1/../../../../arm-none-eabi/lib/thumb/v7e-m+dp/hard\libc_nano.a(libc_a-lock.o),0x240695D9
RAM_D1,__lock___atexit_recursive_mutex,1,.bss.errno,C:/ST/STM32CubeIDE_2.0.0/STM32CubeIDE/plugins/com.st.stm32cube.ide.mcu.externaltools.gnu-tools-for-stm32.13.3.rel1.win32_1.0.100.202509120712/tools/bin/../lib/gcc/arm-none-eabi/13.3.1/../../../../arm-none-eabi/lib/thumb/v7e-m+dp/hard\libc_nano.a(libc_a-lock.o),0x240695DA
RAM_D1,__lock___sfp_recursive_mutex,1,.bss.errno,C:/ST/STM32CubeIDE_2.0.0/STM32CubeIDE/plugins/com.st.stm32cube.ide.mcu.externaltools.gnu-tools-for-stm32.13.3.rel1.win32_1.0.100.202509120712/tools/bin/../lib/gcc/arm-none-eabi/13.3.1/../../../../arm-none-eabi/lib/thumb/v7e-m+dp/hard\libc_nano.a(libc_a-lock.o),0x240695DB
